frame_idx,gt_has_obstacle,ours_detected,ours_num_boxes,ours_classification,wasrt_detected,wasrt_classification
0,True,True,1,TP,True,TP
10,True,False,0,FN,True,TP
20,True,False,0,FN,True,TP
30,True,False,0,FN,True,TP
40,True,False,0,FN,True,TP
50,True,True,1,TP,True,TP
60,True,False,0,FN,True,TP
70,True,True,1,TP,True,TP
80,True,True,1,TP,True,TP
90,True,False,0,FN,False,FN
100,True,False,0,FN,True,TP
110,True,True,1,TP,True,TP
120,True,True,1,TP,True,TP
130,True,True,1,TP,True,TP
140,True,True,2,TP,True,TP
150,True,False,0,FN,True,TP
160,True,False,0,FN,True,TP
170,True,False,0,FN,True,TP
180,True,True,2,TP,True,TP
190,True,True,1,TP,True,TP
200,True,True,2,TP,True,TP
210,True,False,0,FN,True,TP
220,True,True,1,TP,True,TP
230,True,False,0,FN,True,TP
240,True,True,1,TP,True,TP
250,True,True,1,TP,True,TP
260,True,True,1,TP,True,TP
270,True,True,2,TP,True,TP
280,True,True,1,TP,True,TP
290,True,True,2,TP,True,TP
300,True,True,2,TP,True,TP
310,True,True,1,TP,True,TP
320,True,True,2,TP,True,TP
330,True,False,0,FN,True,TP
340,True,False,0,FN,True,TP
350,True,False,0,FN,True,TP
360,True,False,0,FN,True,TP
370,True,False,0,FN,True,TP
380,True,False,0,FN,True,TP
390,True,True,1,TP,True,TP
400,True,False,0,FN,True,TP
410,True,True,1,TP,True,TP
420,True,True,1,TP,True,TP
430,True,False,0,FN,True,TP
440,True,False,0,FN,True,TP
450,True,False,0,FN,True,TP
460,True,False,0,FN,True,TP
470,True,False,0,FN,True,TP
480,True,False,0,FN,True,TP
490,True,False,0,FN,False,FN
500,True,False,0,FN,False,FN
510,True,False,0,FN,False,FN
520,True,True,1,TP,True,TP
530,True,False,0,FN,False,FN
540,True,False,0,FN,True,TP
550,True,False,0,FN,True,TP
560,True,True,1,TP,True,TP
570,True,False,0,FN,True,TP
580,True,True,1,TP,True,TP
590,True,True,1,TP,True,TP
600,True,False,0,FN,True,TP
610,True,False,0,FN,True,TP
620,True,False,0,FN,True,TP
630,True,True,1,TP,True,TP
640,True,False,0,FN,True,TP
650,True,False,0,FN,True,TP
660,True,False,0,FN,True,TP
670,True,False,0,FN,True,TP
680,True,False,0,FN,True,TP
690,True,False,0,FN,True,TP
700,True,True,1,TP,True,TP
710,True,False,0,FN,True,TP
720,True,True,1,TP,True,TP
730,True,False,0,FN,False,FN
740,True,False,0,FN,False,FN
750,True,False,0,FN,True,TP
760,True,False,0,FN,True,TP
770,True,False,0,FN,True,TP
780,True,False,0,FN,True,TP
790,True,True,1,TP,True,TP
800,True,False,0,FN,True,TP
810,True,False,0,FN,True,TP
820,True,False,0,FN,True,TP
830,True,False,0,FN,True,TP
840,True,True,1,TP,True,TP
850,True,True,1,TP,True,TP
860,True,True,1,TP,True,TP
870,True,True,2,TP,True,TP
880,True,True,1,TP,True,TP
890,True,True,1,TP,True,TP
900,True,True,1,TP,True,TP
910,False,False,0,TN,False,TN
920,False,True,1,FP,False,TN
930,False,True,1,FP,False,TN
940,False,True,1,FP,False,TN
950,False,True,1,FP,False,TN
960,False,False,0,TN,False,TN
970,False,False,0,TN,False,TN
980,False,True,1,FP,False,TN
990,False,True,1,FP,False,TN
1000,False,False,0,TN,False,TN
1010,False,False,0,TN,False,TN
1020,False,False,0,TN,False,TN
1030,False,False,0,TN,False,TN
1040,False,False,0,TN,False,TN
1050,False,True,1,FP,False,TN
1060,False,False,0,TN,False,TN
1070,False,False,0,TN,False,TN
1080,False,False,0,TN,False,TN
1090,False,True,1,FP,False,TN
1100,False,False,0,TN,False,TN
1110,False,False,0,TN,False,TN
1120,False,False,0,TN,False,TN
1130,False,False,0,TN,False,TN
1140,False,False,0,TN,False,TN
1150,False,True,1,FP,False,TN
1160,True,False,0,FN,True,TP
1170,True,False,0,FN,False,FN
1180,True,False,0,FN,False,FN
1190,True,False,0,FN,True,TP
1200,True,False,0,FN,True,TP
1210,True,False,0,FN,True,TP
1220,True,False,0,FN,True,TP
1230,True,False,0,FN,True,TP
1240,True,False,0,FN,True,TP
1250,True,False,0,FN,True,TP
1260,True,False,0,FN,True,TP
1270,True,False,0,FN,False,FN
1280,True,True,1,TP,True,TP
1290,True,True,1,TP,False,FN
1300,True,True,1,TP,False,FN
1310,True,False,0,FN,True,TP
1320,True,False,0,FN,True,TP
1330,True,True,1,TP,True,TP
1340,True,False,0,FN,True,TP
1350,True,False,0,FN,False,FN
1360,True,False,0,FN,True,TP
1370,True,True,1,TP,False,FN
1380,True,True,1,TP,False,FN
1390,True,True,1,TP,False,FN
1400,True,True,1,TP,True,TP
1410,True,False,0,FN,False,FN
1420,True,False,0,FN,False,FN
1430,True,False,0,FN,True,TP
1440,True,False,0,FN,False,FN
1450,True,False,0,FN,False,FN
1460,True,False,0,FN,True,TP
1470,True,False,0,FN,True,TP
1480,True,False,0,FN,False,FN
1490,True,False,0,FN,False,FN
1500,True,True,1,TP,False,FN
1510,True,False,0,FN,False,FN
1520,True,False,0,FN,True,TP
1530,True,False,0,FN,False,FN
1540,True,False,0,FN,True,TP
1550,True,False,0,FN,True,TP
1560,True,False,0,FN,False,FN
1570,True,False,0,FN,False,FN
1580,True,True,1,TP,False,FN
1590,True,False,0,FN,True,TP
1600,True,False,0,FN,True,TP
1610,True,False,0,FN,True,TP
1620,True,False,0,FN,True,TP
1630,True,True,1,TP,True,TP
1640,True,False,0,FN,True,TP
1650,True,False,0,FN,True,TP
1660,True,True,1,TP,True,TP
1670,True,True,2,TP,True,TP
1680,True,False,0,FN,True,TP
1690,True,False,0,FN,True,TP
1700,True,True,1,TP,True,TP
1710,True,True,2,TP,True,TP
1720,True,True,1,TP,True,TP
1730,True,True,1,TP,True,TP
1740,True,True,1,TP,True,TP
1750,True,True,1,TP,True,TP
1760,True,True,1,TP,True,TP
1770,False,False,0,TN,False,TN
1780,False,False,0,TN,True,FP
1790,False,False,0,TN,True,FP
1799,False,False,0,TN,True,FP
