frame_idx,gt_has_obstacle,ours_detected,wasrt_detected
0,True,False,True
10,True,False,True
20,True,False,False
30,True,False,True
40,True,True,True
50,True,True,True
60,True,False,True
70,True,False,True
80,True,True,True
90,True,False,False
100,True,True,True
110,True,False,True
120,True,True,True
130,True,True,True
140,True,True,True
150,True,True,True
160,True,True,True
170,True,False,True
180,True,True,True
190,True,True,True
200,True,True,True
210,True,False,True
220,True,True,True
230,True,True,True
240,True,True,True
250,True,True,True
260,True,True,True
270,True,True,True
280,True,True,True
290,True,True,True
300,True,True,True
310,True,True,True
320,True,True,True
330,True,False,True
340,False,False,True
350,False,False,False
360,False,False,False
370,True,False,True
380,True,False,True
390,True,False,True
400,False,True,False
410,True,False,True
420,False,False,False
430,True,False,True
440,False,False,True
450,True,False,True
460,True,False,True
470,True,False,True
480,True,False,True
490,True,False,False
500,True,True,False
510,True,False,False
520,True,False,True
530,True,False,False
540,True,False,True
550,True,False,True
560,False,False,True
570,True,True,True
580,True,False,True
590,True,False,True
600,True,True,True
610,True,True,True
620,True,True,True
630,True,False,True
640,True,False,True
650,True,False,True
660,True,False,True
670,True,True,True
680,True,False,True
690,True,False,True
700,True,True,True
710,True,True,True
720,True,True,True
730,True,True,False
740,True,True,False
750,True,True,False
760,True,True,True
770,True,True,False
780,True,True,True
790,True,True,True
800,True,True,True
810,True,True,True
820,True,True,True
830,True,True,True
840,True,True,True
850,True,True,True
860,True,True,True
870,True,True,True
880,True,True,True
890,True,True,True
900,True,True,True
910,False,False,False
920,False,False,False
930,False,True,False
940,False,False,False
950,False,True,False
960,False,False,False
970,False,False,False
980,False,False,False
990,False,False,False
1000,False,False,False
1010,False,False,False
1020,False,False,False
1030,False,False,False
1040,False,False,False
1050,False,False,False
1060,False,False,False
1070,False,False,False
1080,False,False,False
1090,False,False,False
1100,False,False,False
1110,False,False,False
1120,False,False,False
1130,False,False,False
1140,False,False,False
1150,False,False,False
1160,False,False,False
1170,False,True,False
1180,True,False,False
1190,True,False,False
1200,True,False,False
1210,True,True,False
1220,True,True,False
1230,True,True,False
1240,True,True,False
1250,False,False,True
1260,True,False,True
1270,True,False,False
1280,True,False,True
1290,True,False,False
1300,True,False,False
1310,False,True,True
1320,True,False,True
1330,True,False,True
1340,False,False,True
1350,True,False,False
1360,False,False,True
1370,True,False,False
1380,True,False,False
1390,True,False,False
1400,True,True,True
1410,True,True,False
1420,True,True,False
1430,True,False,True
1440,True,True,False
1450,True,True,False
1460,True,False,True
1470,True,True,True
1480,True,False,False
1490,True,True,False
1500,True,False,False
1510,True,False,False
1520,True,False,True
1530,True,False,False
1540,True,False,True
1550,True,False,True
1560,True,False,False
1570,True,True,False
1580,True,False,False
1590,True,True,True
1600,True,True,True
1610,True,False,True
1620,True,False,True
1630,True,False,True
1640,True,True,True
1650,True,True,True
1660,True,False,True
1670,True,False,True
1680,True,True,True
1690,True,True,True
1700,True,True,True
1710,True,True,True
1720,True,True,True
1730,True,True,True
1740,True,True,True
1750,True,True,True
1760,True,True,True
1770,False,True,False
1780,False,False,True
1790,False,False,True
